id,name,quarter,category,evidence_grade,referral_zones,clinical_note,differentiate_from,source
lq-disc-l34,L3–L4 intervertebral disc,lower,Intervertebral disc,B,Lumbar midline (primary); Lumbar paraspinal (common); Anterior thigh (common); Lateral thigh (spillover); Groin / inguinal (spillover),Midline low back pain with anterior/lateral thigh referral. Discography localises the level poorly — overlap between adjacent levels is the norm.,,"Vanharanta / Ohnmeiss provocation discography series; Carragee et al., Spine 2000 (false-positive rates); DePalma et al., PM&R 2011 (midline vs paramidline)."
lq-disc-l45,L4–L5 intervertebral disc,lower,Intervertebral disc,B,Lumbar midline (primary); Lumbar paraspinal (primary); Upper buttock (common); Posterior thigh (common); Lateral thigh (common); Lateral leg (spillover),"Midline low back pain, buttock and posterolateral leg. DePalma 2011: midline pain was present in 95.8% of confirmed discogenic cases versus 15.4% of facet and 12.9% of SI joint cases — the one location finding with real discriminating value.",L5 radiculopathy; lumbar facet (but midline location favours disc),"Vanharanta / Ohnmeiss provocation discography series; Carragee et al., Spine 2000 (false-positive rates); DePalma et al., PM&R 2011 (midline vs paramidline)."
lq-disc-l5s1,L5–S1 intervertebral disc,lower,Intervertebral disc,B,Lumbar midline (primary); Upper buttock (primary); Posterior thigh (common); Posterior calf (common); Lumbar paraspinal (common); Lateral leg (spillover); Sacroiliac joint region (spillover),"Midline low back, buttock, posterior thigh and calf. Pain extending below the knee correlates with the grade of annular disruption, not with which level is symptomatic.",,"Vanharanta / Ohnmeiss provocation discography series; Carragee et al., Spine 2000 (false-positive rates); DePalma et al., PM&R 2011 (midline vs paramidline)."
lq-facet-l12,L1–L2 facet joint,lower,Zygapophysial (facet) joint,B,Lumbar paraspinal (primary); Flank / lateral trunk (primary); Iliac crest (common); Thoracolumbar junction (common); Greater trochanter / lateral hip (spillover),"Upper lumbar facets refer laterally and proximally — flank, iliac crest and lateral hip — rather than down the leg. McCall's volunteer data put the upper levels in the flank and greater trochanter region.",,"Mooney & Robertson, Clin Orthop 1976 (N=20, 5 volunteers + 15 patients); McCall, Park & O'Brien, Spine 1979 (asymptomatic volunteers); Fukui et al., Clin J Pain 1997 (symptomatic); Marks, Pain 1989."
lq-facet-l23,L2–L3 facet joint,lower,Zygapophysial (facet) joint,B,Lumbar paraspinal (primary); Iliac crest (primary); Flank / lateral trunk (common); Greater trochanter / lateral hip (common); Upper buttock (spillover),Lumbar paraspinal with lateral spread to the iliac crest and trochanter. Level-specific maps overlap heavily — McCall's own conclusion was 'considerable overlap' between levels.,,"Mooney & Robertson, Clin Orthop 1976 (N=20, 5 volunteers + 15 patients); McCall, Park & O'Brien, Spine 1979 (asymptomatic volunteers); Fukui et al., Clin J Pain 1997 (symptomatic); Marks, Pain 1989."
lq-facet-l34,L3–L4 facet joint,lower,Zygapophysial (facet) joint,B,Lumbar paraspinal (primary); Upper buttock (primary); Iliac crest (common); Greater trochanter / lateral hip (common); Lateral thigh (spillover); Groin / inguinal (spillover),"Lumbar paraspinal, iliac crest, upper buttock and greater trochanter, beginning to reach the lateral thigh.",,"Mooney & Robertson, Clin Orthop 1976 (N=20, 5 volunteers + 15 patients); McCall, Park & O'Brien, Spine 1979 (asymptomatic volunteers); Fukui et al., Clin J Pain 1997 (symptomatic); Marks, Pain 1989."
lq-facet-l45,L4–L5 facet joint,lower,Zygapophysial (facet) joint,B,Upper buttock (primary); Lumbar paraspinal (primary); Greater trochanter / lateral hip (primary); Lower buttock / gluteal fold (common); Posterior thigh (common); Lateral thigh (common); Sacroiliac joint region (spillover),One of the two most commonly implicated levels. Buttock and trochanteric referral dominate; Marks (1989) attributed most buttock and trochanteric pain to L4–L5.,,"Mooney & Robertson, Clin Orthop 1976 (N=20, 5 volunteers + 15 patients); McCall, Park & O'Brien, Spine 1979 (asymptomatic volunteers); Fukui et al., Clin J Pain 1997 (symptomatic); Marks, Pain 1989."
lq-facet-l5s1,L5–S1 facet joint,lower,Zygapophysial (facet) joint,B,Upper buttock (primary); Lower buttock / gluteal fold (primary); Posterior thigh (primary); Lumbar paraspinal (common); Sacroiliac joint region (common); Greater trochanter / lateral hip (common); Lateral thigh (spillover),"Buttock and posterior thigh. Whether facet pain can reach below the knee is genuinely contested: Mooney & Robertson saw whole-leg pain in 3 of 20, but that is now widely attributed to large-volume saline rupturing the capsule. Windsor's electrical stimulation — a more specific stimulus — produced smaller, more proximal zones.",SI joint (indistinguishable by pain location alone — DePalma 2011); L5/S1 radiculopathy,"Mooney & Robertson, Clin Orthop 1976 (N=20, 5 volunteers + 15 patients); McCall, Park & O'Brien, Spine 1979 (asymptomatic volunteers); Fukui et al., Clin J Pain 1997 (symptomatic); Marks, Pain 1989."
lq-joint-hip,Hip joint,lower,Peripheral joint / bursa,B,Upper buttock (primary); Groin / inguinal (primary); Anterior thigh (primary); Lateral thigh (common); Anterior knee / patella (common); Greater trochanter / lateral hip (common); Medial thigh (common); Medial knee (spillover); Anterior shin (spillover),"Buttock 71% — more common than groin, which contradicts the classic teaching. Thigh 57%, groin 55%, distal to knee 22%, foot 6%, isolated knee 2%, lower lumbar spine 0%. Fourteen distinct referral patterns were identified: there is no single dominant hip pattern.","L2–L4 radiculopathy; SI joint; greater trochanteric pain syndrome. In adolescents with knee pain, always examine the hip — SCFE presents as knee pain in ~15%.","Lesher et al., Pain Medicine 2008 — fluoroscopically-guided intra-articular injection with pre-injection pain mapping, N=51 symptomatic patients."
lq-joint-knee,Knee joint (intra-articular),lower,Peripheral joint / bursa,C,Anterior knee / patella (primary); Medial knee (common); Lateral knee (common); Anterior thigh (spillover); Posterior calf (spillover); Posterior knee / popliteal fossa (spillover),"Largely local, with referral into the anterior thigh and proximal calf. Graded C because — unlike the hip and SI joint — no controlled provocation mapping study was found for the knee.",,Clinical observation; no controlled volunteer referral-mapping study identified.
lq-joint-sij,Sacroiliac joint,lower,Peripheral joint / bursa,B,Sacroiliac joint region (primary); Upper buttock (primary); Lumbar paraspinal (common); Lower buttock / gluteal fold (common); Posterior thigh (common); Groin / inguinal (spillover); Posterior calf (spillover),"Graded B, not A: only the zone SHAPE — a consistent 3 × 10 cm area immediately caudal to the PSIS — comes from asymptomatic volunteers. Every percentage below comes from a symptomatic patient series. Slipman: buttock 94%, lower lumbar 72%, lower extremity roughly a quarter to a half (secondary sources report 28% and 50% for the same dataset), groin 14%, upper lumbar 6%. So SI pain CAN go below the knee — 'it stays above the knee' is not a safe rule.",L5–S1 facet (DePalma 2011: paramidline location cannot separate the two); lumbar disc,"Zone geometry: Fortin et al., Spine 1994 Part I — 10 ASYMPTOMATIC volunteers (grade-A design). All quoted percentages: Slipman et al., Arch Phys Med Rehabil 2000 — 50 SYMPTOMATIC patients (68 joints; 18 bilateral, 32 unilateral), selected by a single positive intra-articular block."
lq-lig-lumbar-isl,Lumbar &amp; sacral interspinous ligaments,lower,Spinal ligament,C,Lumbar paraspinal (primary); Upper buttock (common); Flank / lateral trunk (common); Sacroiliac joint region (common); Posterior thigh (common); Iliac crest (spillover),"Deep, diffuse, segmentally-organised ache that does NOT follow dermatomes. Upper lumbar levels refer to flank and hip; lower lumbar and sacral levels refer into buttock and posterior thigh, approaching the knee in a minority. Foundational but small-N, non-blinded work.",,"Kellgren, Clin Sci 1939; Feinstein et al., JBJS 1954 (as conventionally reported — the level-specific zones could not be verified against the primary tables)."
lq-m-abd-hallucis,Abductor hallucis,lower,Muscle (myofascial),C,Plantar heel (primary); Medial arch (primary); Medial malleolus (spillover),Medial heel and medial plantar foot.,Tarsal tunnel syndrome; medial-band plantar fasciitis,"Travell & Simons, Myofascial Pain and Dysfunction Vol. 2 (Lower Half of Body)."
lq-m-add-longus,Adductor longus / brevis,lower,Muscle (myofascial),C,Groin / inguinal (primary); Medial thigh (primary); Pubic / adductor origin (common); Medial knee (common); Medial leg (spillover),"Deep groin and anteromedial thigh, running down the medial leg to just below the knee.",Adductor strain; osteitis pubis; hip labral pathology,"Travell & Simons, Myofascial Pain and Dysfunction Vol. 2 (Lower Half of Body)."
lq-m-add-magnus,Adductor magnus,lower,Muscle (myofascial),C,Medial thigh (primary); Pubic / adductor origin (primary); Perineum / pelvic floor (common); Groin / inguinal (common); Medial knee (spillover),Ischiocondylar portion refers along the posteromedial thigh to the knee; the proximal/pubic portion produces a deep intrapelvic ache that may be perceived intravaginally or intrarectally.,Chronic pelvic pain syndromes; adductor strain,"Travell & Simons, Myofascial Pain and Dysfunction Vol. 2 (Lower Half of Body)."
lq-m-biceps-fem,Biceps femoris,lower,Muscle (myofascial),C,Posterior thigh (primary); Posterior knee / popliteal fossa (primary); Lower buttock / gluteal fold (spillover); Posterior calf (spillover),Posterior thigh into the posterior knee and lateral popliteal fossa.,Hamstring strain; S1 radiculopathy,"Travell & Simons, Myofascial Pain and Dysfunction Vol. 2 (Lower Half of Body)."
lq-m-edb,Extensor digitorum brevis,lower,Muscle (myofascial),C,Dorsum of foot (primary); Anterior ankle (spillover),Local dorsolateral midfoot pain.,,"Travell & Simons, Myofascial Pain and Dysfunction Vol. 2 (Lower Half of Body)."
lq-m-edl,Extensor digitorum longus,lower,Muscle (myofascial),C,Dorsum of foot (primary); Anterior shin (common); Lateral toes (common); Anterior ankle (common),"Dorsum of the foot and anterolateral shin, referring into the dorsal aspect of the middle toes.",,"Travell & Simons, Myofascial Pain and Dysfunction Vol. 2 (Lower Half of Body)."
lq-m-peroneals,Fibularis (peroneus) longus / brevis,lower,Muscle (myofascial),C,Lateral malleolus (primary); Lateral leg (primary); Dorsum of foot (common); Lateral toes (spillover),"Lateral malleolus and lateral ankle/foot; longus spills to the lateral foot dorsum, brevis to the lateral shin.",Chronic lateral ankle instability; superficial fibular n. entrapment; L5/S1 radiculopathy,"Travell & Simons, Myofascial Pain and Dysfunction Vol. 2 (Lower Half of Body)."
lq-m-fdb,Flexor digitorum brevis,lower,Muscle (myofascial),C,Plantar forefoot / metatarsal heads (primary); Plantar heel (common); Medial arch (spillover),Plantar surface under metatarsal heads 2–4 and the central heel.,,"Travell & Simons, Myofascial Pain and Dysfunction Vol. 2 (Lower Half of Body)."
lq-m-fdl,Flexor digitorum longus,lower,Muscle (myofascial),C,Plantar forefoot / metatarsal heads (primary); Posterior calf (common); Medial arch (spillover),"Plantar surface over metatarsal heads 2–5, with a deep calf ache.",,"Travell & Simons, Myofascial Pain and Dysfunction Vol. 2 (Lower Half of Body)."
lq-m-interossei-foot,Foot interossei,lower,Muscle (myofascial),C,Plantar forefoot / metatarsal heads (primary); Lateral toes (primary); Dorsum of foot (common),Local pain in the corresponding toe and web space. Third and fourth web-space trigger points can mimic Morton's neuroma.,Morton's neuroma; metatarsalgia; stress fracture,"Travell & Simons, Myofascial Pain and Dysfunction Vol. 2 (Lower Half of Body)."
lq-m-gastroc,Gastrocnemius,lower,Muscle (myofascial),C,Posterior calf (primary); Medial arch (common); Posterior knee / popliteal fossa (common); Medial leg (common); Lateral leg (spillover),Medial head refers to the medial calf and the instep/arch; lateral head to the posterior knee and lateral calf. Implicated in nocturnal calf cramps.,"DVT (EXCLUDE FIRST in an acutely swollen, warm calf); S1 radiculopathy","Travell & Simons, Myofascial Pain and Dysfunction Vol. 2 (Lower Half of Body)."
lq-m-glut-max,Gluteus maximus,lower,Muscle (myofascial),C,Upper buttock (primary); Lower buttock / gluteal fold (primary); Coccyx (common); Sacrum (common); Posterior thigh (spillover),Diffuse ache over the buttock mass. The medial-fibre trigger point near the coccyx mimics coccydynia. Rarely crosses the knee.,Coccydynia; SI joint dysfunction,"Travell & Simons, Myofascial Pain and Dysfunction Vol. 2 (Lower Half of Body)."
lq-m-glut-med,Gluteus medius,lower,Muscle (myofascial),C,Iliac crest (primary); Upper buttock (primary); Sacrum (common); Sacroiliac joint region (common); Lower buttock / gluteal fold (common); Posterior thigh (common); Lumbar paraspinal (common),"Posterior iliac crest, sacrum and the whole buttock — the classic 'low back pain' muscle. Spillover into the posterior thigh and upper calf.",SI joint dysfunction; lumbar facet; L5 radiculopathy,"Travell & Simons, Myofascial Pain and Dysfunction Vol. 2 (Lower Half of Body)."
lq-m-glut-min,Gluteus minimus,lower,Muscle (myofascial),C,Lower buttock / gluteal fold (primary); Lateral thigh (primary); Lateral leg (primary); Lateral malleolus (common); Upper buttock (common); Posterior thigh (common); Posterior calf (common); Lateral knee (common),"THE pseudo-sciatica pattern, and the most convincing non-radicular mimic in the whole atlas. Anterior fibres refer from the lateral buttock down the OUTSIDE of the leg as far as the ankle; posterior fibres run down the back of the buttock and thigh, stopping at the calf. Leg pain to the ankle with no dermatomal, myotomal or reflex change should raise this immediately.","L5 or S1 radiculopathy — the discriminator is the ABSENCE of reflex, myotome and dermatome findings","Travell & Simons, Myofascial Pain and Dysfunction Vol. 2 (Lower Half of Body)."
lq-m-gracilis,Gracilis,lower,Muscle (myofascial),C,Medial thigh (primary); Medial knee (spillover),"A diffuse, superficial ache with an itching quality along the medial thigh — distinctively surface-level rather than deep, which separates it from adductor longus.",,"Travell & Simons, Myofascial Pain and Dysfunction Vol. 2 (Lower Half of Body)."
lq-m-iliopsoas,Iliopsoas,lower,Muscle (myofascial),C,Lumbar paraspinal (primary); Groin / inguinal (primary); Anterior thigh (common); Anterior hip (common); Lumbar midline (spillover),"A vertical band in the ipsilateral upper lumbar paraspinal region plus anterior groin, spilling into the anterior thigh to the knee. A frequently missed mimic of discogenic back pain.",Discogenic low back pain; hip flexor strain; intra-articular hip pathology,"Travell & Simons, Myofascial Pain and Dysfunction Vol. 2 (Lower Half of Body)."
lq-m-levator-ani,Levator ani / coccygeus,lower,Muscle (myofascial),C,Coccyx (primary); Sacrum (primary); Perineum / pelvic floor (common); Lower buttock / gluteal fold (common),Coccyx and lower sacrum — the coccydynia pattern — with buttock referral and a sensation of rectal fullness.,Coccydynia; levator ani syndrome; proctalgia fugax,"Travell & Simons, Myofascial Pain and Dysfunction Vol. 2 (Lower Half of Body)."
lq-m-obturator-int,Obturator internus,lower,Muscle (myofascial),C,Perineum / pelvic floor (primary); Coccyx (primary); Lower buttock / gluteal fold (common); Posterior thigh (spillover); Sacrum (spillover),"Deep pelvic floor, coccyx and posterior vaginal or rectal wall, spilling into the perineum and posterior thigh.",Pudendal neuralgia; levator ani syndrome,"Travell & Simons, Myofascial Pain and Dysfunction Vol. 2 (Lower Half of Body)."
lq-m-pectineus,Pectineus,lower,Muscle (myofascial),C,Groin / inguinal (primary); Anterior hip (common); Medial thigh (spillover),Sharply localised deep pain in the groin crease with minimal spillover.,Hip labral tear; intra-articular hip pathology; femoroacetabular impingement,"Travell & Simons, Myofascial Pain and Dysfunction Vol. 2 (Lower Half of Body)."
lq-m-piriformis,Piriformis,lower,Muscle (myofascial),C,Sacroiliac joint region (primary); Upper buttock (primary); Sacrum (common); Lower buttock / gluteal fold (common); Posterior thigh (common),"Over the SI joint, sacrum, buttock and posterior hip, extending into the proximal two-thirds of the posterior thigh. Distinguish the myofascial referral (rarely past the knee) from true piriformis syndrome — sciatic nerve entrapment — which does produce symptoms to the foot.",Deep gluteal syndrome (true nerve entrapment); SI joint; S1 radiculopathy,"Travell & Simons, Myofascial Pain and Dysfunction Vol. 2 (Lower Half of Body)."
lq-m-popliteus,Popliteus,lower,Muscle (myofascial),C,Posterior knee / popliteal fossa (primary); Posterior calf (spillover),"Localised posterior knee pain, worse descending stairs or hills and with squatting. Minimal spillover.",Popliteus tendinopathy; posterior horn meniscal tear; Baker's cyst,"Travell & Simons, Myofascial Pain and Dysfunction Vol. 2 (Lower Half of Body)."
lq-m-ql,Quadratus lumborum,lower,Muscle (myofascial),C,Iliac crest (primary); Sacroiliac joint region (primary); Lower buttock / gluteal fold (common); Greater trochanter / lateral hip (common); Groin / inguinal (common); Flank / lateral trunk (common); Lumbar paraspinal (common); Lower abdomen (spillover),"Superficial layer refers along the iliac crest and into the lower buttock and greater trochanter; deep layer concentrates over the SI joint, with spillover to the groin and lower lateral abdomen. One of the most consistently missed sources of 'SI joint' pain.",SI joint dysfunction; greater trochanteric pain syndrome; hip pathology,"Travell & Simons, Myofascial Pain and Dysfunction Vol. 2 (Lower Half of Body)."
lq-m-quad-plantae,Quadratus plantae,lower,Muscle (myofascial),C,Plantar heel (primary),"Central plantar heel pad. Distinctively, it mimics plantar fasciitis WITHOUT arch involvement — that absence is the discriminator.",Plantar fasciitis (but without arch pain); Baxter's neuropathy,"Travell & Simons, Myofascial Pain and Dysfunction Vol. 2 (Lower Half of Body)."
lq-m-rectus-abd-low,Rectus abdominis (lower fibres),lower,Muscle (myofascial),C,Lumbar paraspinal (primary); Lower abdomen (primary); Sacrum (common); Sacroiliac joint region (spillover),"Refers as a band across the LOW BACK bilaterally, plus sacral and pelvic pain — easily missed because the examination focuses on posterior structures.",Mechanical low back pain; visceral/gynaecological pathology (exclude first),"Travell & Simons, Myofascial Pain and Dysfunction Vol. 2 (Lower Half of Body)."
lq-m-rectus-fem,Rectus femoris,lower,Muscle (myofascial),C,Anterior knee / patella (primary); Anterior thigh (primary); Anterior hip (spillover),"Deep anterior thigh and, characteristically, the ANTERIOR KNEE — the referral is felt distally even though the trigger point sits proximally near the ASIS.",Patellofemoral pain syndrome,"Travell & Simons, Myofascial Pain and Dysfunction Vol. 2 (Lower Half of Body)."
lq-m-sartorius,Sartorius,lower,Muscle (myofascial),C,Anterior thigh (primary); Lateral thigh (common); Medial knee (common); Anterior hip (spillover),"Superficial, TINGLING or paraesthetic in quality — atypical for myofascial pain — running along the muscle from the anterolateral thigh toward the medial knee. The proximal trigger point near the ASIS can mimic meralgia paraesthetica.",Meralgia paraesthetica (lateral femoral cutaneous n.),"Travell & Simons, Myofascial Pain and Dysfunction Vol. 2 (Lower Half of Body)."
lq-m-medial-hams,Semitendinosus / semimembranosus,lower,Muscle (myofascial),C,Lower buttock / gluteal fold (primary); Posterior thigh (primary); Posterior knee / popliteal fossa (common); Medial knee (spillover),Lower buttock crease and posteromedial thigh down to the popliteal fossa — a distinct laterality from biceps femoris.,Proximal hamstring tendinopathy; ischiogluteal bursitis,"Travell & Simons, Myofascial Pain and Dysfunction Vol. 2 (Lower Half of Body)."
lq-m-soleus,Soleus,lower,Muscle (myofascial),C,Plantar heel (primary); Achilles region (primary); Posterior calf (common); Sacroiliac joint region (common); Posterior knee / popliteal fossa (spillover),"The LOWER trigger point near the Achilles refers to the HEEL and plantar surface — a textbook mimic of plantar fasciitis, reproducing weight-bearing heel pain. The upper/lateral trigger point refers, unexpectedly, to the SI JOINT region.",Plantar fasciitis; Achilles tendinopathy; Baxter's neuropathy; SI joint dysfunction,"Travell & Simons, Myofascial Pain and Dysfunction Vol. 2 (Lower Half of Body)."
lq-m-tfl,Tensor fasciae latae,lower,Muscle (myofascial),C,Greater trochanter / lateral hip (primary); Lateral thigh (primary); Anterior hip (common); Lateral knee (spillover),Anterolateral hip over the greater trochanter and down the lateral thigh along the IT band toward the lateral knee.,Greater trochanteric pain syndrome; IT band syndrome,"Travell & Simons, Myofascial Pain and Dysfunction Vol. 2 (Lower Half of Body)."
lq-m-tib-ant,Tibialis anterior,lower,Muscle (myofascial),C,Anterior shin (primary); Anterior ankle (primary); Great toe / first web space (primary); Dorsum of foot (common),"Anterior ankle and the dorsum of the great toe and first ray, with local anterior shin pain.",L5 radiculopathy; deep fibular n. entrapment; anterior compartment syndrome,"Travell & Simons, Myofascial Pain and Dysfunction Vol. 2 (Lower Half of Body)."
lq-m-tib-post,Tibialis posterior,lower,Muscle (myofascial),C,Achilles region (primary); Plantar forefoot / metatarsal heads (primary); Medial arch (primary); Posterior calf (common); Plantar heel (common),"Diffuse — Achilles region, the ENTIRE plantar sole, and the posterior calf. The widest plantar distribution of any leg muscle.",Tarsal tunnel syndrome; tibialis posterior tendinopathy; plantar fasciitis,"Travell & Simons, Myofascial Pain and Dysfunction Vol. 2 (Lower Half of Body)."
lq-m-vastus-int,Vastus intermedius,lower,Muscle (myofascial),C,Anterior thigh (primary); Anterior knee / patella (common),"Diffuse, poorly localised mid-anterior thigh spreading toward the anterior knee. Often underappreciated in 'unexplained' anterior thigh ache.",,"Travell & Simons, Myofascial Pain and Dysfunction Vol. 2 (Lower Half of Body)."
lq-m-vastus-lat,Vastus lateralis,lower,Muscle (myofascial),C,Lateral thigh (primary); Lateral knee (primary); Greater trochanter / lateral hip (common); Lower buttock / gluteal fold (spillover),"The widest referral of the quadriceps group — the entire lateral thigh from hip to knee, with the most distal trigger point referring to the lateral knee and proximal ones to the lateral hip and buttock.",IT band syndrome; lateral knee pain; greater trochanteric pain syndrome,"Travell & Simons, Myofascial Pain and Dysfunction Vol. 2 (Lower Half of Body)."
lq-m-vastus-med,Vastus medialis,lower,Muscle (myofascial),C,Medial knee (primary); Anterior knee / patella (common); Anterior thigh (spillover),"Medial knee, with the superior (VMO) trigger point referring deep into the knee joint. Classically associated with a reflex-inhibition 'buckling' or giving-way sensation in the ABSENCE of true ligamentous laxity.",Meniscal tear; ACL insufficiency (but ligament tests are negative); patellofemoral pain,"Travell & Simons, Myofascial Pain and Dysfunction Vol. 2 (Lower Half of Body)."
lq-root-l3,L3 nerve root,lower,Nerve root (dynatome),B,Anterior thigh (primary); Medial knee (common); Groin / inguinal (common); Medial thigh (common); Lumbar paraspinal (spillover),Anterior and distal thigh to the medial knee. Prone knee bend is the loading test — 70% sensitive and 88% specific for L3 specifically.,,Clinical radiculopathy series; ASIA sensory points; Suri et al. 2011 (femoral stretch test).
lq-root-l4,L4 nerve root,lower,Nerve root (dynatome),B,Medial leg (primary); Medial malleolus (primary); Medial knee (common); Anterior thigh (common); Lumbar paraspinal (spillover); Anterior shin (spillover),"Medial leg and medial malleolus, with anterior thigh involvement. The transitional root — it feeds both the femoral nerve and the lumbosacral trunk, so it can present like an upper or a lower lumbar lesion.",,Clinical radiculopathy series; ASIA sensory points.
lq-root-l5,L5 nerve root,lower,Nerve root (dynatome),B,Lateral leg (primary); Dorsum of foot (primary); Great toe / first web space (primary); Posterior thigh (common); Upper buttock (common); Anterior shin (common); Lateral thigh (common); Lumbar paraspinal (spillover),"Lateral leg, dorsum of foot, great toe and first web space, with buttock and posterolateral thigh referral proximally. The commonest lumbar radiculopathy alongside S1.",Common fibular n. at the fibular neck (spares hip abduction and inversion); gluteus minimus TrP,Clinical radiculopathy series; ASIA sensory points; SLR/slump literature.
lq-root-s1,S1 nerve root,lower,Nerve root (dynatome),B,Posterior calf (primary); Lateral malleolus (primary); Posterior thigh (primary); Lateral toes (common); Lower buttock / gluteal fold (common); Plantar heel (common); Upper buttock (common),Posterior thigh and calf into the lateral foot and lateral malleolus. Achilles reflex loss is the localising sign.,Piriformis / deep gluteal syndrome; SI joint; hamstring pathology,Clinical radiculopathy series; ASIA sensory points.
ue-disc-c2c3,C2–C3 intervertebral disc,upper,Intervertebral disc,B,Occiput (primary); Upper posterior neck (primary); Suboccipital (common); Temporal / side of head (common); Vertex / top of head (common); Face / cheek / jaw (spillover),"Head pain is disproportionately a C2–3 phenomenon: 19/40 reported head pain (occipital most common, then temporal, then parietal) and 4 patients had EXCLUSIVELY head pain with no neck component. 80% of painful C2–3 discs looked normal on MRI.",,"Schellhas et al., AJNR 2000 — provocation discography, 40 chronic head/neck pain patients; Slipman et al., Spine J 2005 (41 subjects, 101 maps)."
ue-disc-c3c4,C3–C4 intervertebral disc,upper,Intervertebral disc,B,Mid posterior neck (primary); Upper posterior neck (common); Top of shoulder / suprascapular (common); Interscapular / upper thoracic paraspinal (common); Suboccipital (spillover); Anterior neck / throat (spillover); Face / cheek / jaw (spillover); Anterior deltoid / anterior shoulder (spillover),"Neck, subocciput, trapezius, anterior neck, face, shoulder, interscapular and limb — one of the broadest referral fields of any cervical disc.",,"Slipman et al., Spine J 2005 (19 maps); Grubb & Kelly, Spine 2000."
ue-disc-c4c5,C4–C5 intervertebral disc,upper,Intervertebral disc,B,Lower posterior neck (primary); Top of shoulder / suprascapular (primary); Interscapular / upper thoracic paraspinal (common); Superior angle of scapula (common); Anterior chest / precordial / breast (spillover); Anterior deltoid / anterior shoulder (spillover); Anterior / lateral upper arm (spillover),"Neck, shoulder, interscapular, trapezius, extremity, face, chest, subocciput. Grubb & Kelly found anterior chest wall referral begins at this level.",,"Slipman et al., Spine J 2005 (27 maps); Grubb & Kelly, Spine 2000."
ue-disc-c5c6,C5–C6 intervertebral disc,upper,Intervertebral disc,B,Lower posterior neck (primary); Top of shoulder / suprascapular (primary); Interscapular / upper thoracic paraspinal (common); Anterior chest / precordial / breast (common); Superior angle of scapula (common); Anterior deltoid / anterior shoulder (spillover); Anterior / lateral upper arm (spillover),"Neck, trapezius, interscapular, subocciput, anterior neck, chest, face. Bilateral pain occurred in 30–62% of discs at every level — laterality of pain does NOT indicate laterality of pathology.",,"Slipman et al., Spine J 2005 (27 maps); Grubb & Kelly, Spine 2000."
ue-disc-c6c7,C6–C7 intervertebral disc,upper,Intervertebral disc,B,Interscapular / upper thoracic paraspinal (primary); Lower posterior neck (common); Top of shoulder / suprascapular (common); Vertebral border of scapula (common); Anterior / lateral upper arm (spillover); Dorsoradial forearm (spillover); Anterior chest / precordial / breast (spillover),"Neck, interscapular, trapezius, shoulder, extremity, subocciput. Arm referral is most consistent at this level and C5–6.",,"Slipman et al., Spine J 2005 (16 maps); Grubb & Kelly, Spine 2000."
ue-disc-c7t1,C7–T1 intervertebral disc,upper,Intervertebral disc,B,Interscapular / upper thoracic paraspinal (primary); Lower posterior neck (common); Mid thoracic paraspinal (T5–T8) (common),"Mid-posterior neck through to the mid-thoracic spine, and the interscapular region. Very few mapped cases — the weakest-supported of the cervical disc levels.",,"Grubb & Kelly, Spine 2000; Slipman et al., Spine J 2005 (only 2 maps at this level)."
ue-facet-c0c1,C0–C1 atlanto-occipital joint,upper,Zygapophysial (facet) joint,A,Suboccipital (primary); Occiput (common); Upper posterior neck (common); Vertex / top of head (spillover); Frontal / supraorbital / retro-orbital (spillover),"Consistently suboccipital; may extend cephalad toward the vertex and occasionally the frontal region. Very small volunteer sample (N=5) — treat the zone as indicative, not precise.",,"Dreyfuss, Michaelsen & Fletcher, Spine 1994 — provocative intra-articular injection, 5 asymptomatic volunteers."
ue-facet-c1c2,C1–C2 lateral atlanto-axial joint,upper,Zygapophysial (facet) joint,A,Occiput (primary); Suboccipital (primary); Ear / retromastoid (common); Upper posterior neck (common),"Discrete unilateral pain at the occipito-cervical junction, retromastoid area and upper cervical region. Aprill's clinical criteria (occipital pain + focal C1 transverse process tenderness + restricted rotation) had only 60% positive predictive value — distribution alone cannot substitute for a diagnostic block.",,"Dreyfuss et al., Spine 1994 (N=5 volunteers); clinical validation by controlled blocks — Aprill, Axinn & Bogduk, Cephalalgia 2002 (21/34 patients confirmed)."
ue-facet-c2c3,C2–C3 facet joint (third occipital nerve),upper,Zygapophysial (facet) joint,A,Upper posterior neck (primary); Occiput (primary); Suboccipital (common); Ear / retromastoid (common); Vertex / top of head (common); Frontal / supraorbital / retro-orbital (spillover); Temporal / side of head (spillover),"Upper neck pain extending into the head — toward the ear, vertex, forehead or eye. The most common source of headache after whiplash: third occipital nerve headache found in 27% of whiplash patients overall and 53% of those whose dominant complaint was headache.",Cervicogenic headache from C1–2; occipital neuralgia; migraine,"Dwyer, Aprill & Bogduk, Spine 1990 — volunteer distension; validated clinically in Aprill et al. 1990; Lord et al., JNNP 1994 — controlled double-blind blocks."
ue-facet-c3c4,C3–C4 facet joint,upper,Zygapophysial (facet) joint,A,Upper posterior neck (primary); Mid posterior neck (primary); Lower posterior neck (common); Occiput (common); Suboccipital (spillover),Neck pain from the suboccipital region down to the lower neck — characteristically WITHOUT shoulder involvement. That absence is the useful discriminator from C4–5 and below.,,"Dwyer, Aprill & Bogduk, Spine 1990 — volunteer distension; corroborated in symptomatic patients by Fukui et al., Pain 1996."
ue-facet-c4c5,C4–C5 facet joint,upper,Zygapophysial (facet) joint,A,Lower posterior neck (primary); Top of shoulder / suprascapular (primary); Mid posterior neck (common); Superior angle of scapula (spillover),More caudally located than C3–4: top of the shoulder and the lower part of the neck. Fukui found lower posterior cervical in 76% and suprascapular in 43% of symptomatic patients.,,"Dwyer, Aprill & Bogduk, Spine 1990 — volunteer distension; Fukui et al., Pain 1996."
ue-facet-c5c6,C5–C6 facet joint,upper,Zygapophysial (facet) joint,A,Lower posterior neck (primary); Top of shoulder / suprascapular (primary); Superior angle of scapula (common); Posterior deltoid / posterior shoulder (spillover); Interscapular / upper thoracic paraspinal (spillover),"Lower neck, top of the scapula and the shoulder region above the level of the scapular spine. Together with C2–3, one of the two most frequently implicated levels in chronic neck pain (~35% of cases).",,"Dwyer, Aprill & Bogduk, Spine 1990 — volunteer distension; Fukui et al., Pain 1996; prevalence data from Cooper, Bailey & Bogduk, Pain Medicine 2007."
ue-facet-c6c7,C6–C7 facet joint,upper,Zygapophysial (facet) joint,A,Superior angle of scapula (primary); Interscapular / upper thoracic paraspinal (primary); Lower posterior neck (common); Top of shoulder / suprascapular (common); Vertebral border of scapula (spillover),"Extends caudally as far as the scapular spine. Fukui: superior scapular angle 48%, mid-scapular 41%, lower posterior cervical 33%.",,"Dwyer, Aprill & Bogduk, Spine 1990 — volunteer distension; Fukui et al., Pain 1996."
ue-facet-c7t1,C7–T1 facet joint,upper,Zygapophysial (facet) joint,B,Interscapular / upper thoracic paraspinal (primary); Vertebral border of scapula (common); Superior angle of scapula (common); Lower posterior neck (spillover),Mid-scapular region in 86% of patients; superior angle of scapula in 28%. Note this level rests on patient-provocation data only — a tier below the C2–3 to C6–7 volunteer maps.,,"Fukui et al., Pain 1996 — intra-articular contrast/dorsal ramus stimulation in 61 SYMPTOMATIC patients. Not covered by the Dwyer volunteer study."
ue-facet-tlower,Lower thoracic facet joints (T9–T12),upper,Zygapophysial (facet) joint,B,Thoracolumbar junction (primary); Mid thoracic paraspinal (T5–T8) (common); Flank / lateral trunk (common); Lumbar paraspinal (spillover); Lumbar midline (spillover),"Paraspinal pain at and just below the segment, with modest lateral spread into the flank. Graded B rather than A because the range is split: T9–10 and T10–11 have volunteer-provocation evidence, but T11–12 rests on symptomatic-patient data alone. Same caveat as the rest of the thoracic spine: granular per-segment diagrams circulating in handouts are illustrative composites, not something either primary study reports.",,"Dreyfuss et al., Spine 1994 — volunteers, but only as far down as T10–11; Fukui et al., Reg Anesth 1997 — T11–12, symptomatic patients only."
ue-facet-tmid,Mid thoracic facet joints (T5–T8),upper,Zygapophysial (facet) joint,A,Mid thoracic paraspinal (T5–T8) (primary); Interscapular / upper thoracic paraspinal (common); Flank / lateral trunk (spillover),"Local paraspinal zone lateral to the joint, half a segment above to one segment below. IMPORTANT: 27% of injected joints produced no pain at all, and the resulting patterns overlap heavily with costotransverse joint and soft-tissue patterns — thoracic maps are far less segment-discriminating than the cervical ones.",,"Dreyfuss, Tibiletti & Dreyer, Spine 1994 — distension in asymptomatic volunteers (T3–4 to T10–11)."
ue-facet-tupper,Upper thoracic facet joints (T1–T4),upper,Zygapophysial (facet) joint,B,Interscapular / upper thoracic paraspinal (primary); Vertebral border of scapula (common); Superior angle of scapula (spillover); Lower posterior neck (spillover),"Local paraspinal pain lateral to the joint, from about half a segment above to a full segment below the joint of origin. Does not cross the midline and does not reliably distinguish adjacent levels.",,"Fukui et al., Reg Anesth 1997 (symptomatic patients, T1–2/T2–3); Dreyfuss, Tibiletti & Dreyer, Spine 1994 (volunteers, from T3–4 down)."
ue-joint-acj,Acromioclavicular joint,upper,Peripheral joint / bursa,A,Top of shoulder / suprascapular (primary); Superior angle of scapula (common); Anterior deltoid / anterior shoulder (common); Lower posterior neck (spillover); Lateral deltoid / lateral shoulder (spillover),"Burning pain over the joint itself, deep in the supraspinatus fossa and upper trapezius, sometimes extending to the anterolateral deltoid and anterolateral neck. Can convincingly mimic cervical or trapezius myofascial pain.",Upper trapezius myofascial pain; C4–5/C5–6 facet; cervical radiculopathy,"Gerber, Galantay & Hersche, JSES 1998 — hypertonic saline injection mapping in asymptomatic volunteers. (Sample size not verifiable from open sources.)"
ue-joint-subacromial,Subacromial space / bursa,upper,Peripheral joint / bursa,A,Lateral deltoid / lateral shoulder (primary); Top of shoulder / suprascapular (common); Anterior / lateral upper arm (spillover),Intense pain at the lateral border of the acromion and over the lateral deltoid — a more focal and more distal pattern than AC joint referral. This is the classic 'impingement' distribution.,C5 radiculopathy; supraspinatus/infraspinatus myofascial referral; axillary nerve entrapment,"Gerber, Galantay & Hersche, JSES 1998 — hypertonic saline injection in asymptomatic volunteers."
ue-lig-cerv-isl,Cervical interspinous ligaments,upper,Spinal ligament,C,Mid posterior neck (primary); Lower posterior neck (primary); Top of shoulder / suprascapular (common); Interscapular / upper thoracic paraspinal (common); Occiput (spillover),"Deep, diffuse, segmentally-organised ache in the neck and shoulder girdle that does NOT follow dermatomes. Foundational but small-N, non-blinded 1930s–50s work; Inman & Saunders noted the resulting maps 'could not be given with any great precision'.",,"Kellgren, Clin Sci 1939 — hypertonic saline injection in volunteers; replicated in principle by Feinstein et al. 1954."
ue-lig-thor-isl,Thoracic interspinous ligaments,upper,Spinal ligament,C,Mid thoracic paraspinal (T5–T8) (primary); Interscapular / upper thoracic paraspinal (common); Thoracolumbar junction (common); Flank / lateral trunk (common); Lateral chest wall / axillary line (spillover),"Segmental paraspinal ache with lateral spread around the chest wall. Superficial structures (supraspinous ligament, spinous process) give sharply localised pain instead — the depth of the structure, not its level, determines whether pain refers.",,"Kellgren, Clin Sci 1939; Feinstein et al. 1954."
ue-m-adductor-pollicis,Adductor pollicis,upper,Muscle (myofascial),C,Thumb / thenar eminence (primary); Thumb–index web space (primary); Palm (common); Wrist (common),"Base of the thumb, thumb–index web space, centre of the palm and the wrist. Confined to the hand — can convincingly mimic carpal tunnel syndrome.",Carpal tunnel syndrome; CMC arthritis,Travell & Simons Vol. 1.
ue-m-biceps,Biceps brachii,upper,Muscle (myofascial),C,Anterior deltoid / anterior shoulder (primary); Anterior / lateral upper arm (primary); Antecubital / anterior elbow (common); Volar forearm (spillover),Anterior shoulder (front of deltoid) and down the front of the arm to the antecubital crease.,,Travell & Simons Vol. 1.
ue-m-brachialis,Brachialis,upper,Muscle (myofascial),C,Antecubital / anterior elbow (primary); Thumb / thenar eminence (primary); Thumb–index web space (primary); Anterior / lateral upper arm (common),"Front of the elbow over the muscle belly, with a distinctive projection to the base and dorsal web space of the THUMB — that thumb referral is the signature.",C6 radiculopathy; de Quervain's; CMC arthritis,Travell & Simons Vol. 1.
ue-m-brachioradialis,Brachioradialis,upper,Muscle (myofascial),C,Lateral epicondyle / lateral elbow (primary); Dorsoradial forearm (primary); Thumb–index web space (primary); Thumb / thenar eminence (common); Wrist (spillover),Lateral epicondyle ('tennis elbow' mimic) and down the dorsoradial forearm to the web space between thumb and index finger.,Lateral epicondylalgia; radial tunnel syndrome; C6 radiculopathy,Travell & Simons Vol. 1.
ue-m-coracobrachialis,Coracobrachialis,upper,Muscle (myofascial),C,Anterior deltoid / anterior shoulder (primary); Anterior / lateral upper arm (common); Posterior upper arm (common); Dorsal forearm (common); Dorsum of hand (common),"Anterior deltoid and front of the upper arm, with an unusually long reach for a small muscle — down the entire posterior arm to the dorsal forearm and hand.",,Travell & Simons Vol. 1.
ue-m-deltoid,Deltoid (anterior / posterior),upper,Muscle (myofascial),C,Anterior deltoid / anterior shoulder (primary); Posterior deltoid / posterior shoulder (primary); Lateral deltoid / lateral shoulder (common); Anterior / lateral upper arm (spillover); Posterior upper arm (spillover),"Localised to the involved third of the muscle itself, spreading only into the adjacent upper arm. Unusual among shoulder muscles for NOT projecting distal to the elbow.",,Travell & Simons Vol. 1.
ue-m-obliques,External / internal obliques,upper,Muscle (myofascial),C,Epigastric / upper abdomen (primary); Groin / inguinal (primary); Anterior hip (primary); Pubic / adductor origin (primary); Lower abdomen (common); Flank / lateral trunk (common); Lateral chest wall / axillary line (spillover),"Upper fibres refer to the epigastrium and mimic heartburn; lower fibres refer to the groin and, in men, the testicle/scrotum. A well-known McBurney's-point mimic on the right — sometimes mistaken for appendicitis.",Appendicitis (EXCLUDE FIRST); inguinal hernia; hip pathology,Travell & Simons Vol. 1.
ue-m-finger-ext,Finger extensors (EDC / EIP),upper,Muscle (myofascial),C,"Dorsal forearm (primary); Dorsum of hand (primary); Wrist (common); Radial digits (index, middle) (common); Ulnar digits (ring, little) (common)","Dorsal forearm and wrist referring into the dorsum of the corresponding finger(s) — a roughly segmental, one-slip-per-finger pattern.",,Travell & Simons Vol. 1.
ue-m-first-dorsal-io,First dorsal interosseous,upper,Muscle (myofascial),C,"Radial digits (index, middle) (primary); Thumb–index web space (primary); Dorsum of hand (common)","Radial side of the index finger, running its full length to the fingertip, plus the dorsal web space. Frequently mistaken for digital nerve entrapment.",Digital nerve entrapment; C6/C7 radiculopathy,Travell & Simons Vol. 1.
ue-m-iliocostalis-lumb,Iliocostalis lumborum,upper,Muscle (myofascial),C,Lumbar paraspinal (primary); Lumbar midline (primary); Sacroiliac joint region (common); Upper buttock (common); Lower buttock / gluteal fold (common); Flank / lateral trunk (common); Thoracolumbar junction (common),Local low back extending into the buttock; sits more lateral than the longissimus pattern.,,Travell & Simons Vol. 1.
ue-m-iliocostalis-thor,Iliocostalis thoracis,upper,Muscle (myofascial),C,Mid thoracic paraspinal (T5–T8) (primary); Flank / lateral trunk (common); Lateral chest wall / axillary line (common); Anterior chest / precordial / breast (common); Interscapular / upper thoracic paraspinal (common),Segmental paraspinal band at the level of the trigger point that WRAPS AROUND THE CHEST WALL following the rib contours — can mimic cardiac or pleuritic pain.,Cardiac / pleuritic pain (EXCLUDE FIRST); thoracic facet; costotransverse joint,Travell & Simons Vol. 1.
ue-m-infraspinatus,Infraspinatus,upper,Muscle (myofascial),C,"Anterior deltoid / anterior shoulder (primary); Lateral deltoid / lateral shoulder (common); Anterior / lateral upper arm (common); Dorsoradial forearm (common); Vertebral border of scapula (common); Radial digits (index, middle) (spillover); Top of shoulder / suprascapular (spillover)","Deep ache in the ANTERIOR shoulder/deltoid — the single most classic 'shoulder pain' myofascial pattern. Spillover down the lateral arm and radial forearm, plus local pain at the vertebral border of the scapula. Characteristically painful at rest and prevents sleeping on the affected side. The experimental corroboration covers only the arm component, not the anterior-deltoid, forearm or scapular zones, so the grade stays C with the rest of the myofascial maps.",C5 radiculopathy (has weakness/reflex change); subacromial bursitis (painful arc); AC joint,"Zone map: Travell & Simons Vol. 1. Referral direction separately corroborated by hypertonic saline injection in healthy volunteers producing referred pain in the ipsilateral upper arm (Leffler et al., Eur J Pain 2000)."
ue-m-lats,Latissimus dorsi,upper,Muscle (myofascial),C,"Inferior angle of scapula (primary); Mid thoracic paraspinal (T5–T8) (common); Medial upper arm (common); Posterior upper arm (common); Medial epicondyle / medial elbow (common); Ulnar digits (ring, little) (common); Ulnar forearm (spillover)","Constant ache over the inferior angle of the scapula and mid-back (the 'cape' of pain), spilling down the medial/posterior arm to the medial epicondyle and into the ring and little fingers.",C8 radiculopathy; cubital tunnel,Travell & Simons Vol. 1.
ue-m-levator-scap,Levator scapulae,upper,Muscle (myofascial),C,Lower posterior neck (primary); Vertebral border of scapula (primary); Top of shoulder / suprascapular (common); Superior angle of scapula (common); Posterior deltoid / posterior shoulder (spillover),Angle of the neck (the neck–shoulder junction) and along the vertebral border of the scapula to its inferior angle. Classically limits cervical rotation toward the painful side.,,Travell & Simons Vol. 1.
ue-m-longissimus,Longissimus thoracis,upper,Muscle (myofascial),C,Mid thoracic paraspinal (T5–T8) (primary); Thoracolumbar junction (primary); Lumbar paraspinal (common); Lumbar midline (common); Sacroiliac joint region (common); Upper buttock (common); Lower buttock / gluteal fold (common); Interscapular / upper thoracic paraspinal (spillover),"Paraspinal band at the trigger point level — upper points stay local with some radiation toward the scapula; lower points extend into the buttock, generally more MEDIAL than the iliocostalis lumborum pattern.",,Travell & Simons Vol. 1.
ue-m-low-trap,Lower trapezius,upper,Muscle (myofascial),C,Mid thoracic paraspinal (T5–T8) (primary); Top of shoulder / suprascapular (common); Interscapular / upper thoracic paraspinal (common); Lower posterior neck (common); Occiput (spillover),"Local ache at the T6–T9 paraspinal origin and over the top of the shoulder, with spillover to the base of the neck and mastoid — Travell & Simons specifically flag this 'far' referral as atypical.",,Travell & Simons Vol. 1.
ue-m-mid-trap,Middle trapezius,upper,Muscle (myofascial),C,Interscapular / upper thoracic paraspinal (primary); Vertebral border of scapula (common); Top of shoulder / suprascapular (spillover); Lower posterior neck (spillover),"Superficial burning ache between the vertebral border of the scapula and the spine, locally over C7–T3.",,Travell & Simons Vol. 1.
ue-m-multifidi,Multifidi,upper,Muscle (myofascial),C,Lumbar paraspinal (primary); Lumbar midline (primary); Sacroiliac joint region (primary); Upper buttock (primary); Lower buttock / gluteal fold (primary); Mid posterior neck (common); Occiput (common); Mid thoracic paraspinal (T5–T8) (common); Thoracolumbar junction (common),"Very localised deep segmental pain directly over or adjacent to the spinous process at the level involved. Cervical level refers to the occiput; lumbosacral level refers to the buttock and occasionally the posterior thigh, mimicking sciatica.",Lumbar radiculopathy; facet joint pain,Travell & Simons Vol. 1.
ue-m-opponens-pollicis,Opponens pollicis,upper,Muscle (myofascial),C,Thumb / thenar eminence (primary); Wrist (common); Thumb–index web space (spillover),"Runs the length of the palmar/radial thumb itself, occasionally to the dorsal thumb and volar wrist.",,Travell & Simons Vol. 1.
ue-m-pec-major,Pectoralis major,upper,Muscle (myofascial),C,"Anterior chest / precordial / breast (primary); Anterior deltoid / anterior shoulder (common); Medial upper arm (common); Medial epicondyle / medial elbow (common); Ulnar digits (ring, little) (common); Ulnar forearm (spillover)",Anterior chest wall and breast. Clinically important: sternal-head trigger points near the 5th–6th costal cartilage can produce precordial pain and arrhythmia-like sensations that mimic cardiac disease — a well-documented diagnostic pitfall. Spillover down the medial arm to the ulnar digits.,Angina / cardiac pain (EXCLUDE FIRST); costochondritis; C8–T1 radiculopathy,Travell & Simons Vol. 1.
ue-m-pec-minor,Pectoralis minor,upper,Muscle (myofascial),C,"Anterior chest / precordial / breast (primary); Anterior deltoid / anterior shoulder (common); Medial upper arm (common); Ulnar forearm (common); Ulnar digits (ring, little) (common)","Anterior chest and shoulder below the clavicle, referring down the medial arm and forearm to the ulnar three digits — overlapping the ulnar/thoracic outlet pattern.",Neurogenic thoracic outlet syndrome (subcoracoid space); C8 radiculopathy,Travell & Simons Vol. 1.
ue-m-pronator-teres,Pronator teres,upper,Muscle (myofascial),C,"Volar forearm (primary); Wrist (primary); Thumb / thenar eminence (common); Radial digits (index, middle) (common); Antecubital / anterior elbow (common); Palm (spillover)","Volar proximal forearm and radial wrist, spilling to the radial three digits and thenar region. Can accompany true median nerve paresthesia (pronator teres syndrome).",Carpal tunnel syndrome; pronator syndrome; C6 radiculopathy,Travell & Simons Vol. 1.
ue-m-rectus-abd,Rectus abdominis,upper,Muscle (myofascial),C,Epigastric / upper abdomen (primary); Lower abdomen (primary); Thoracolumbar junction (common); Lumbar paraspinal (common); Lumbar midline (common); Mid thoracic paraspinal (T5–T8) (common); Anterior chest / precordial / breast (spillover),Hallmark feature: upper trigger points refer BILATERALLY across the mid and low back and can mimic epigastric or cardiac pain; lower trigger points refer bilaterally to the low back and sacral region and can produce colicky abdominal pain with GI symptoms.,Visceral pathology (EXCLUDE FIRST); lumbar facet; discogenic low back pain,Travell & Simons Vol. 1.
ue-m-rhomboids,Rhomboid major / minor,upper,Muscle (myofascial),C,Vertebral border of scapula (primary); Interscapular / upper thoracic paraspinal (common),"Superficial, localised ache along the vertebral border of the scapula. One of the few patterns with essentially NO spillover and no projection into the arm — that confinement is the diagnostic clue.",,Travell & Simons Vol. 1.
ue-m-scalenes,Scalenes (anterior / middle / posterior),upper,Muscle (myofascial),C,"Anterior chest / precordial / breast (primary); Vertebral border of scapula (primary); Dorsoradial forearm (primary); Thumb / thenar eminence (common); Radial digits (index, middle) (common); Anterior deltoid / anterior shoulder (common); Anterior / lateral upper arm (common); Interscapular / upper thoracic paraspinal (common)","Anterior/pectoral chest wall, vertebral border of scapula, and down the radial forearm to thumb and index finger — closely mimics C6 radiculopathy. Posterior scalene skews more interscapular.",C6 radiculopathy; neurogenic thoracic outlet syndrome; carpal tunnel,Travell & Simons Vol. 1.
ue-m-serratus-ant,Serratus anterior,upper,Muscle (myofascial),C,"Lateral chest wall / axillary line (primary); Inferior angle of scapula (common); Medial upper arm (common); Ulnar forearm (spillover); Ulnar digits (ring, little) (spillover); Anterior chest / precordial / breast (spillover)",Lateral chest wall in the mid-axillary line — the classic 'stitch in the side' — wrapping to the inferior scapular angle and down the medial arm to the ulnar forearm and digits. Often accompanied by air hunger / difficulty taking a deep breath.,,Travell & Simons Vol. 1.
ue-m-serratus-post-inf,Serratus posterior inferior,upper,Muscle (myofascial),C,Thoracolumbar junction (primary); Flank / lateral trunk (spillover),"Localised, persistent ache at the thoracolumbar junction over the muscle itself. One of the more confined trunk patterns — in sharp contrast to serratus posterior superior's long reach into the hand.",,Travell & Simons Vol. 1.
ue-m-serratus-post-sup,Serratus posterior superior,upper,Muscle (myofascial),C,"Vertebral border of scapula (primary); Inferior angle of scapula (common); Posterior deltoid / posterior shoulder (common); Posterior upper arm (common); Ulnar forearm (common); Ulnar digits (ring, little) (common); Dorsum of hand (spillover)","Deep, poorly localised ache UNDER the scapula, referring down the posterior arm to the ulnar forearm, hand and little finger, with occasional numbness in a C8–T1 distribution. The 'ache I can't reach'.",C8 radiculopathy; neurogenic thoracic outlet syndrome,Travell & Simons Vol. 1.
ue-m-splenius-cap,Splenius capitis,upper,Muscle (myofascial),C,Vertex / top of head (primary); Upper posterior neck (spillover),A 'boring' pain focused at the very top of the head. Classically no frontal or ocular involvement — that absence distinguishes it from sternocleidomastoid.,,Travell & Simons Vol. 1.
ue-m-splenius-cerv,Splenius cervicis,upper,Muscle (myofascial),C,Frontal / supraorbital / retro-orbital (primary); Occiput (primary); Upper posterior neck (common); Lower posterior neck (common); Top of shoulder / suprascapular (spillover),"Retro-orbital pain (behind the eye) and the angle of the neck/occiput, with reported ipsilateral blurred vision as a concomitant.",,Travell & Simons Vol. 1.
ue-m-scm,Sternocleidomastoid (both heads),upper,Muscle (myofascial),C,Vertex / top of head (primary); Face / cheek / jaw (primary); Frontal / supraorbital / retro-orbital (primary); Ear / retromastoid (primary); Temporal / side of head (common); Anterior neck / throat (common); Anterior chest / precordial / breast (spillover),"Sternal head: vertex, cheek/malar region, supraorbital ridge, deep in the ear, pharynx (sore-throat sensation), sternum. Clavicular head: bilateral frontal headache, deep ear pain, plus autonomic phenomena (postural dizziness, disequilibrium, tinnitus, lacrimation) that are a hallmark feature.",Trigeminal neuralgia; TMD; cervicogenic dizziness; sinus headache,Travell & Simons Vol. 1.
ue-m-suboccipitals,Suboccipital group,upper,Muscle (myofascial),C,Suboccipital (primary); Occiput (primary); Temporal / side of head (common); Vertex / top of head (common); Frontal / supraorbital / retro-orbital (common),"Diffuse, deep, band- or 'halo'-like pain from the occiput over the top of the head toward the temple and eye. Travell & Simons note this pattern does not map to a crisp cutaneous zone.",,Travell & Simons Vol. 1.
ue-m-subscapularis,Subscapularis,upper,Muscle (myofascial),C,Posterior deltoid / posterior shoulder (primary); Inferior angle of scapula (common); Vertebral border of scapula (common); Posterior upper arm (common); Wrist (common),Severe deep pain over the posterior shoulder and scapula — the 'shoulder holster' pattern — with a distinctive circumferential band around the wrist in severe cases. Strongly associated with frozen-shoulder-type restriction.,Adhesive capsulitis; posterior labral pathology,Travell & Simons Vol. 1.
ue-m-supinator,Supinator,upper,Muscle (myofascial),C,Lateral epicondyle / lateral elbow (primary); Dorsoradial forearm (common); Thumb–index web space (common); Thumb / thenar eminence (spillover),Lateral epicondyle and proximal dorsal forearm — mimics resistant lateral epicondylalgia and radial tunnel syndrome — with spillover to the dorsal thumb web space.,Lateral epicondylalgia (resistant); PIN/radial tunnel entrapment,Travell & Simons Vol. 1.
ue-m-supraspinatus,Supraspinatus,upper,Muscle (myofascial),C,Lateral deltoid / lateral shoulder (primary); Top of shoulder / suprascapular (common); Anterior / lateral upper arm (common); Lateral epicondyle / lateral elbow (common); Dorsoradial forearm (spillover); Wrist (spillover),"Deep, boring ache centred over the mid-deltoid, spilling down the arm and forearm, occasionally to the wrist.",Subacromial impingement; C5 radiculopathy,Travell & Simons Vol. 1.
ue-m-teres-major,Teres major,upper,Muscle (myofascial),C,Posterior deltoid / posterior shoulder (primary); Inferior angle of scapula (common); Posterior upper arm (common); Olecranon / posterior elbow (spillover),"Posterior deltoid and the inferior angle of the scapula, spilling down the back of the arm toward the elbow.",,Travell & Simons Vol. 1.
ue-m-teres-minor,Teres minor,upper,Muscle (myofascial),C,Posterior deltoid / posterior shoulder (primary),"A small, circumscribed patch of deep ache over the posterior deltoid near the axillary scapular border. Notably does NOT radiate — the confinement is the clue.",,Travell & Simons Vol. 1.
ue-m-triceps,Triceps brachii,upper,Muscle (myofascial),C,"Posterior upper arm (primary); Olecranon / posterior elbow (primary); Posterior deltoid / posterior shoulder (common); Dorsal forearm (common); Dorsum of hand (spillover); Lateral epicondyle / lateral elbow (spillover); Ulnar digits (ring, little) (spillover)","Posterior shoulder, posterior upper arm and the olecranon/posterior elbow, spilling down the posterior forearm to the dorsum of the hand.",,Travell & Simons Vol. 1 (multiple distinct trigger point sites).
ue-m-upper-trap,Upper trapezius,upper,Muscle (myofascial),C,Lower posterior neck (primary); Temporal / side of head (primary); Mid posterior neck (common); Face / cheek / jaw (common); Occiput (common); Top of shoulder / suprascapular (common); Ear / retromastoid (spillover),"Posterolateral neck up to the temple — the classic unilateral 'tension headache' pattern — and the angle of the jaw. Spillover to occiput and mastoid. One of only two muscles here whose referral DIRECTION has independent experimental support; the grade stays C because the mapped zone borders still come from clinical observation, and the saline work corroborates direction, not extent.",C2–3 facet; cervicogenic headache; migraine,"Zone map: Travell & Simons Vol. 1 (clinical observation). Referral DIRECTION separately corroborated by controlled hypertonic saline injection in healthy volunteers (Graven-Nielsen, Arendt-Nielsen et al.)."
ue-m-wrist-flex,"Wrist / finger flexors (FCR, FCU, FDS, FDP)",upper,Muscle (myofascial),C,"Volar forearm (primary); Palm (primary); Ulnar forearm (common); Wrist (common); Ulnar digits (ring, little) (common); Radial digits (index, middle) (spillover)","Volar forearm referring to the palm, volar wrist and corresponding fingers — FCU skews ulnar/little finger, FCR skews radial palm. Palmaris longus is distinct: a superficial, hypersensitive 'pins-and-needles' patch in the centre of the palm rather than a deep ache.",Carpal tunnel syndrome; Guyon's canal; C8 radiculopathy,Travell & Simons Vol. 1.
ue-m-wrist-ext,Wrist extensors (ECRL / ECRB / ECU),upper,Muscle (myofascial),C,"Lateral epicondyle / lateral elbow (primary); Wrist (primary); Dorsal forearm (common); Dorsum of hand (common); Radial digits (index, middle) (spillover)",ECRL/ECRB: lateral epicondyle spilling to the dorsum of the hand and wrist (ECRB into the dorsal middle finger). ECU stays fairly localised to the dorsal-ulnar wrist.,Lateral epicondylalgia; C6–C7 radiculopathy,Travell & Simons Vol. 1.
ue-root-c4,C4 nerve root (dynatome),upper,Nerve root (dynatome),B,Lower posterior neck (primary); Top of shoulder / suprascapular (primary); Superior angle of scapula (spillover),Base of neck and top of shoulder. Only 4 stimulations at this level — the least-supported root map.,,"Slipman et al., Spine 1998 — fluoroscopically guided cervical nerve root stimulation, 134 stimulations in 87 subjects (only 4 at C4)."
ue-root-c5,C5 nerve root (dynatome),upper,Nerve root (dynatome),B,Lateral deltoid / lateral shoulder (primary); Top of shoulder / suprascapular (common); Anterior / lateral upper arm (common); Lower posterior neck (common); Anterior deltoid / anterior shoulder (spillover),Lateral shoulder and lateral arm. NOTE: dynatomal (symptom) maps are measurably broader than textbook dermatomes — the expected pattern held in as little as 54% of stimulations.,,"Slipman et al., Spine 1998 (14 stimulations at C5)."
ue-root-c6,C6 nerve root (dynatome),upper,Nerve root (dynatome),B,"Dorsoradial forearm (primary); Thumb / thenar eminence (primary); Radial digits (index, middle) (common); Anterior / lateral upper arm (common); Lateral deltoid / lateral shoulder (common); Lower posterior neck (common); Ulnar digits (ring, little) (spillover); Superior angle of scapula (spillover)","Lateral arm, dorsoradial forearm, thumb and index finger — but ~30% of C6 stimulations also produced LITTLE FINGER symptoms, classically a C8 finding. Intrathecal anastomoses between adjacent dorsal roots (up to ~61%) blur segment-specific territories.",C7 root; radial tunnel; de Quervain's; carpal tunnel,"Slipman et al., Spine 1998 (43 stimulations at C6)."
ue-root-c7,C7 nerve root (dynatome),upper,Nerve root (dynatome),B,"Dorsal forearm (primary); Radial digits (index, middle) (primary); Posterior upper arm (common); Interscapular / upper thoracic paraspinal (common); Vertebral border of scapula (common); Dorsum of hand (common); Olecranon / posterior elbow (spillover)","Posterior arm, dorsal forearm, middle finger, and prominent interscapular/scapular referral. Proximal (scapular) referral is far more common in dynatomal maps than dermatome charts suggest.",,"Slipman et al., Spine 1998 (52 stimulations at C7 — the largest subgroup)."
ue-root-c8,C8 nerve root (dynatome),upper,Nerve root (dynatome),B,"Ulnar digits (ring, little) (primary); Ulnar forearm (primary); Medial upper arm (common); Medial epicondyle / medial elbow (common); Interscapular / upper thoracic paraspinal (spillover); Radial digits (index, middle) (spillover)","Ulnar forearm, ring and little fingers — but ~24% of C8 stimulations produced INDEX FINGER symptoms, classically a C6/C7 finding. Symptom location does not reliably localise the root.",Cubital tunnel; Guyon's canal; neurogenic thoracic outlet syndrome,"Slipman et al., Spine 1998 (21 stimulations at C8)."
